{
  "src": [
    "/assets/sounds/sounds.holwer2.ogg"
  ],
  "sprite": {
    "click": [
      0,
      87.00680272108843
    ],
    "confirm": [
      2000,
      230.74829931972783
    ],
    "gameover": [
      4000,
      1623.310657596372
    ],
    "refresh": [
      7000,
      420.0907029478458
    ],
    "sell": [
      9000,
      1149.3877551020405
    ],
    "upgrade": [
      12000,
      2797.233560090703
    ],
    "dangerHint": [
      16000,
      10167.64172335601
    ],
    "hit": [
      28000,
      95.98639455782276
    ],
    "brute": [
      30000,
      385.9863945578219
    ],
    "cunning": [
      32000,
      712.0634920634927
    ],
    "dark": [
      34000,
      1784.263038548751
    ],
    "hunter": [
      37000,
      1127.4149659863965
    ],
    "imaginary": [
      40000,
      598.0045351473891
    ],
    "light": [
      42000,
      729.5918367346915
    ],
    "magical": [
      44000,
      1452.3129251700695
    ],
    "strength": [
      47000,
      1612.9251700680243
    ],
    "barbariansRage": [
      50000,
      2478.503401360541
    ],
    "burningBurst": [
      54000,
      2898.5034013605427
    ],
    "interlockedInferno": [
      58000,
      2243.5147392290273
    ],
    "mountainCollapse": [
      62000,
      893.5147392290262
    ],
    "penetrationInfection": [
      64000,
      3568.5034013605446
    ],
    "spikeShell": [
      69000,
      653.5147392290241
    ]
  }
}