{
  "src": [
    "/assets/sounds/sounds.holwer2.ogg"
  ],
  "sprite": {
    "click": [
      0,
      87.00680272108843
    ],
    "confirm": [
      2000,
      230.74829931972783
    ],
    "gameover": [
      4000,
      1623.310657596372
    ],
    "hit": [
      7000,
      320.0000000000003
    ],
    "refresh": [
      9000,
      420.0907029478458
    ],
    "sell": [
      11000,
      1149.3877551020405
    ],
    "upgrade": [
      14000,
      2797.233560090703
    ],
    "brute": [
      18000,
      385.9863945578219
    ],
    "cunning": [
      20000,
      712.0634920634927
    ],
    "dark": [
      22000,
      1784.263038548751
    ],
    "hunter": [
      25000,
      1127.414965986393
    ],
    "imaginary": [
      28000,
      598.0045351473926
    ],
    "light": [
      30000,
      729.591836734695
    ],
    "magical": [
      32000,
      1452.3129251700695
    ],
    "strength": [
      35000,
      1612.9251700680243
    ]
  }
}