{
  "resources": [
    "/assets/sounds/sounds.jukebox.ogg"
  ],
  "spritemap": {
    "click": {
      "start": 0,
      "end": 0.08700680272108843,
      "loop": false
    },
    "confirm": {
      "start": 2,
      "end": 2.230748299319728,
      "loop": false
    },
    "gameover": {
      "start": 4,
      "end": 5.623310657596372,
      "loop": false
    },
    "refresh": {
      "start": 7,
      "end": 7.420090702947846,
      "loop": false
    },
    "sell": {
      "start": 9,
      "end": 10.14938775510204,
      "loop": false
    },
    "upgrade": {
      "start": 12,
      "end": 14.797233560090703,
      "loop": false
    },
    "dangerHint": {
      "start": 16,
      "end": 31.521020408163267,
      "loop": false
    },
    "hit": {
      "start": 33,
      "end": 33.095986394557826,
      "loop": false
    },
    "brute": {
      "start": 35,
      "end": 35.385986394557825,
      "loop": false
    },
    "cunning": {
      "start": 37,
      "end": 37.71206349206349,
      "loop": false
    },
    "dark": {
      "start": 39,
      "end": 40.78426303854875,
      "loop": false
    },
    "hunter": {
      "start": 42,
      "end": 43.1274149659864,
      "loop": false
    },
    "imaginary": {
      "start": 45,
      "end": 45.59800453514739,
      "loop": false
    },
    "light": {
      "start": 47,
      "end": 47.72959183673469,
      "loop": false
    },
    "magical": {
      "start": 49,
      "end": 50.45231292517007,
      "loop": false
    },
    "strength": {
      "start": 52,
      "end": 53.612925170068024,
      "loop": false
    },
    "barbariansRage": {
      "start": 55,
      "end": 57.47850340136054,
      "loop": false
    },
    "burningBurst": {
      "start": 59,
      "end": 61.89850340136054,
      "loop": false
    },
    "interlockedInferno": {
      "start": 63,
      "end": 65.24351473922903,
      "loop": false
    },
    "mountainCollapse": {
      "start": 67,
      "end": 67.89351473922902,
      "loop": false
    },
    "penetrationInfection": {
      "start": 69,
      "end": 72.56850340136054,
      "loop": false
    },
    "spikeShell": {
      "start": 74,
      "end": 74.65351473922902,
      "loop": false
    }
  }
}