{
  "src": [
    "/assets/sounds/sounds.holwer2.ogg"
  ],
  "sprite": {
    "click": [
      0,
      87.00680272108843
    ],
    "confirm": [
      2000,
      230.74829931972783
    ],
    "gameover": [
      4000,
      1623.310657596372
    ],
    "refresh": [
      7000,
      420.0907029478458
    ],
    "sell": [
      9000,
      1149.3877551020405
    ],
    "upgrade": [
      12000,
      2797.233560090703
    ],
    "dangerHint": [
      16000,
      15521.020408163267
    ],
    "hit": [
      33000,
      95.98639455782632
    ],
    "brute": [
      35000,
      385.98639455782546
    ],
    "cunning": [
      37000,
      712.0634920634927
    ],
    "dark": [
      39000,
      1784.263038548751
    ],
    "hunter": [
      42000,
      1127.4149659863965
    ],
    "imaginary": [
      45000,
      598.0045351473891
    ],
    "light": [
      47000,
      729.5918367346915
    ],
    "magical": [
      49000,
      1452.3129251700695
    ],
    "strength": [
      52000,
      1612.9251700680243
    ],
    "barbariansRage": [
      55000,
      2478.503401360541
    ],
    "burningBurst": [
      59000,
      2898.5034013605427
    ],
    "interlockedInferno": [
      63000,
      2243.5147392290273
    ],
    "mountainCollapse": [
      67000,
      893.514739229019
    ],
    "penetrationInfection": [
      69000,
      3568.5034013605446
    ],
    "spikeShell": [
      74000,
      653.5147392290241
    ]
  }
}