{
  "resources": [
    "/assets/sounds/sounds.jukebox.ogg"
  ],
  "spritemap": {
    "click": {
      "start": 0,
      "end": 0.08700680272108843,
      "loop": false
    },
    "confirm": {
      "start": 2,
      "end": 2.230748299319728,
      "loop": false
    },
    "gameover": {
      "start": 4,
      "end": 5.623310657596372,
      "loop": false
    },
    "refresh": {
      "start": 7,
      "end": 7.420090702947846,
      "loop": false
    },
    "sell": {
      "start": 9,
      "end": 10.14938775510204,
      "loop": false
    },
    "upgrade": {
      "start": 12,
      "end": 14.797233560090703,
      "loop": false
    },
    "dangerHint": {
      "start": 16,
      "end": 26.16764172335601,
      "loop": false
    },
    "hit": {
      "start": 28,
      "end": 28.095986394557823,
      "loop": false
    },
    "brute": {
      "start": 30,
      "end": 30.385986394557822,
      "loop": false
    },
    "cunning": {
      "start": 32,
      "end": 32.71206349206349,
      "loop": false
    },
    "dark": {
      "start": 34,
      "end": 35.78426303854875,
      "loop": false
    },
    "hunter": {
      "start": 37,
      "end": 38.1274149659864,
      "loop": false
    },
    "imaginary": {
      "start": 40,
      "end": 40.59800453514739,
      "loop": false
    },
    "light": {
      "start": 42,
      "end": 42.72959183673469,
      "loop": false
    },
    "magical": {
      "start": 44,
      "end": 45.45231292517007,
      "loop": false
    },
    "strength": {
      "start": 47,
      "end": 48.612925170068024,
      "loop": false
    },
    "barbariansRage": {
      "start": 50,
      "end": 52.47850340136054,
      "loop": false
    },
    "burningBurst": {
      "start": 54,
      "end": 56.89850340136054,
      "loop": false
    },
    "interlockedInferno": {
      "start": 58,
      "end": 60.24351473922903,
      "loop": false
    },
    "mountainCollapse": {
      "start": 62,
      "end": 62.893514739229026,
      "loop": false
    },
    "penetrationInfection": {
      "start": 64,
      "end": 67.56850340136054,
      "loop": false
    },
    "spikeShell": {
      "start": 69,
      "end": 69.65351473922902,
      "loop": false
    }
  }
}